step,epoch,loss,val_loss,lr,gpu_util,gpu_mem_used_mb,gpu_mem_total_mb
1000,0.0,6.175079361438751,5.303699779510498,0.0002999968544102413,100.0,22301,32607
2000,0.0,5.020672600269318,4.7376392722129825,0.00029997319150857444,100.0,22301,32607
3000,0.0,4.660055803537369,4.495409142971039,0.0002999263564824168,0.0,22301,32607
4000,0.0,4.459522126674652,4.320910501480102,0.00029985635737238,100.0,22301,32607
5000,0.0,4.3293712079525,4.218338588476181,0.0002997632061958735,99.0,22301,32607
6000,0.0,4.239568742513657,4.137390455007553,0.00029964691894504103,100.0,22301,32607
7000,0.0,4.16751553940773,4.069077516794205,0.0002995075155840147,37.0,22301,32607
8000,0.0,4.117389532327652,4.01751637339592,0.00029934502004548807,100.0,22301,32607
9000,0.0,4.068597072839737,3.9726815032958984,0.0002991594602266075,0.0,22302,32607
10000,0.0,4.033552042722702,3.9377636921405794,0.0002989508679841821,99.0,22302,32607
11000,0.0,4.003300126194954,3.9059741842746734,0.0002987192791292153,100.0,22302,32607
12000,0.0,3.972764951109886,3.8788656330108644,0.00029846473342075644,0.0,22302,32607
13000,0.0,3.9503612599372864,3.857113344669342,0.0002981872745590749,0.0,22302,32607
14000,0.0,3.9296366266012193,3.837025476694107,0.0002978869501781581,100.0,22301,32607
15000,0.0,3.909249964594841,3.817660380601883,0.0002975638118375331,100.0,22302,32607
16000,0.0,3.8916105872392652,3.802655898332596,0.0002972179150134154,48.0,22302,32607
17000,0.0,3.8789859899282457,3.782131700515747,0.00029684931908918483,53.0,22301,32607
18000,0.0,3.8627786930799486,3.768454942703247,0.00029645808734519,0.0,22301,32607
19000,0.0,3.849354341506958,3.7560759913921355,0.000296044286947885,100.0,22301,32607
20000,0.0,3.8375979593992233,3.7483580958843232,0.00029560798893829847,0.0,22301,32607
21000,0.0,3.8232494370937347,3.7334415745735168,0.0002951492682198363,0.0,22301,32607
22000,0.0,3.81278050160408,3.724245307445526,0.00029466820354542356,100.0,22302,32607
23000,0.0,3.802283178806305,3.7164050269126894,0.00029416487750398297,100.0,22302,32607
24000,0.0,3.7932549189329148,3.707889779806137,0.0002936393765062571,0.0,22301,32607
25000,0.0,3.7889253224134447,3.6997235655784606,0.00029309179076997304,52.0,22301,32607
26000,0.0,3.7793719317913057,3.695515784025192,0.0002925222143043535,100.0,22301,32607
27000,0.0,3.772054285407066,3.6849929332733153,0.00029193074489397813,0.0,22301,32607
28000,0.0,3.7661967091560364,3.677804349660873,0.00029131748408199533,0.0,22301,32607
29000,0.0,3.7557899420261385,3.6698773288726807,0.0002906825371526892,100.0,22301,32607
30000,0.0,3.7514624147415163,3.6646640169620515,0.0002900260131134053,100.0,22301,32607
31000,0.0,3.751153059720993,3.6585043370723724,0.0002893480246758354,100.0,22301,32607
32000,0.0,3.7404943630695344,3.653795632123947,0.0002886486882366676,9.0,22301,32607
33000,0.0,3.735317110657692,3.6491349077224733,0.00028792812385760344,100.0,22301,32607
34000,0.0,3.7293856056928636,3.6424835288524626,0.0002871864552447456,100.0,22301,32607
35000,0.0,3.724597268342972,3.6363680601119994,0.0002864238097273604,99.0,22301,32607
36000,0.0,3.723311573147774,3.6319856023788453,0.0002856403182360175,100.0,22301,32607
37000,0.0,3.7140933641195297,3.6231354987621307,0.0002848361152801122,100.0,22301,32607
38000,0.0,3.711594199538231,3.6232358586788176,0.00028401133892477293,6.0,22301,32607
39000,0.0,3.7057759257555007,3.616382796764374,0.0002831661307671581,99.0,22301,32607
40000,0.0,3.7015756568908693,3.615140266418457,0.00028230063591214703,100.0,22301,32607
41000,0.0,3.6973492084741593,3.6118557155132294,0.00028141500294742803,0.0,22301,32607
42000,0.0,3.694313077569008,3.6080284690856934,0.00028050938391798927,100.0,22301,32607
43000,0.0,3.6931203709840776,3.602292296886444,0.00027958393430001585,100.0,22301,32607
44000,0.0,3.6845881283283233,3.5982354855537415,0.0002786388129741974,100.0,22302,32607
45000,0.0,3.685270362019539,3.593942414522171,0.00027767418219845174,100.0,22302,32607
46000,0.0,3.6804878581762313,3.5916191506385804,0.0002766902075800687,100.0,22302,32607
47000,0.0,3.676956575870514,3.589932142496109,0.0002756870580472782,100.0,22301,32607
48000,0.0,3.6748933156728745,3.586729850769043,0.0002746649058202494,0.0,22301,32607
49000,0.0,3.672838059425354,3.583993510007858,0.00027362392638152354,99.0,22301,32607
50000,0.0,3.673253585100174,3.58013506770134,0.00027256429844588746,0.0,22301,32607
51000,0.0,3.663849604010582,3.5748582327365876,0.00027148620392969185,100.0,22301,32607
52000,0.0,3.6629525818824766,3.57504692196846,0.0002703898279196199,100.0,22301,32607
53000,0.0,3.6552422777414324,3.570466696023941,0.00026927535864091186,100.0,22301,32607
54000,0.0,3.6539822607040406,3.56642413854599,0.0002681429874250505,100.0,22301,32607
55000,0.0,3.654661285400391,3.5626540303230287,0.0002669929086769135,100.0,22301,32607
56000,0.0,3.647798223614693,3.559280539751053,0.00026582531984139813,36.0,22301,32607
57000,0.0,3.6480971690416335,3.5579785919189453,0.00026464042136952387,100.0,22301,32607
58000,0.0,3.6434184967279433,3.555502405166626,0.0002634384166840194,1.0,22301,32607
59000,0.0,3.6415998828411102,3.553814396858215,0.00026221951214439856,100.0,22301,32607
60000,0.0,3.6397119233608244,3.553973662853241,0.0002609839170115335,100.0,22301,32607
61000,0.0,3.6394719692468644,3.5483192574977873,0.00025973184341172796,100.0,22301,32607
62000,0.0,3.6341401070356367,3.5470547389984133,0.0002584635063003001,100.0,22301,32607
63000,0.0,3.632372906923294,3.541564824581146,0.000257179123424679,13.0,22301,32607
64000,0.0,3.6304707185029983,3.5415558469295503,0.0002558789152870219,100.0,22301,32607
65000,0.0,3.626767276763916,3.5384826636314393,0.0002545631051063583,0.0,22301,32607
66000,0.0,3.627033848285675,3.5346886777877806,0.0002532319187802682,26.0,22301,32607
67000,0.0,3.6247810881137847,3.5340512812137606,0.0002518855848460997,99.0,22301,32607
68000,0.0,3.6198275262117385,3.530662124156952,0.0002505243344417343,100.0,22301,32607
69000,0.0,3.6189853982925415,3.530641555786133,0.00024914840126590487,99.0,22301,32607
70000,0.0,3.619391773581505,3.527137624025345,0.00024775802153807454,100.0,22301,32607
71000,0.0,3.613887938141823,3.5247703421115877,0.0002463534339578828,0.0,22301,32607
72000,0.0,3.609285986661911,3.5248537743091584,0.00024493487966416544,100.0,22301,32607
73000,0.0,3.6116498810052873,3.520718675851822,0.00024350260219355602,100.0,22301,32607
74000,0.0,3.608795051455498,3.5200661396980286,0.00024205684743867592,7.0,22301,32607
75000,0.0,3.6076010085344317,3.5186221635341646,0.0002405978636059191,100.0,22302,32607
76000,0.0,3.6034410576820375,3.5133102226257322,0.0002391259011728406,100.0,22302,32607
77000,0.0,3.602106683254242,3.510390785932541,0.0002376412128451546,52.0,22301,32607
78000,0.0,3.599469411611557,3.5112334060668946,0.00023614405351334985,0.0,22301,32607
79000,0.0,3.5967482223510743,3.5095495235919953,0.0002346346802089304,100.0,22301,32607
80000,0.0,3.5913432672023773,3.5071076452732086,0.00023311335206028846,100.0,22302,32607
81000,1.0,3.5809306273460386,3.5028102588653565,0.00023158033024821758,100.0,22302,32607
82000,1.0,3.5773239398002623,3.502454552650452,0.00023003587796107297,100.0,22301,32607
83000,1.0,3.57736812877655,3.5021367359161375,0.0002284802603495876,100.0,22301,32607
84000,1.0,3.5719619663953783,3.499855111837387,0.00022691374448135146,100.0,22301,32607
85000,1.0,3.5791375662088396,3.4979605257511137,0.00022533659929496112,100.0,22301,32607
86000,1.0,3.575037428379059,3.495804463624954,0.000223749095553849,0.0,22301,32607
87000,1.0,3.5710755026340486,3.4925384736061096,0.00022215150579979833,100.0,22301,32607
88000,1.0,3.5686883038282393,3.490624985694885,0.00022054410430615376,81.0,22301,32607
89000,1.0,3.571885537981987,3.488205057382584,0.00021892716703073408,99.0,22301,32607
90000,1.0,3.5708951778411864,3.4859034419059753,0.00021730097156845578,78.0,22301,32607
91000,1.0,3.5644671256542204,3.4834311175346375,0.00021566579710367606,100.0,22301,32607
92000,1.0,3.5644025180339813,3.48273512840271,0.0002140219243622623,99.0,22302,32607
93000,1.0,3.561328872203827,3.481934280395508,0.0002123696355633974,100.0,22302,32607
94000,1.0,3.563241880655289,3.480371366739273,0.00021070921437112822,99.0,22301,32607
95000,1.0,3.563286720395088,3.479773511886597,0.0002090409458456668,0.0,22301,32607
96000,1.0,3.5625251091718675,3.4742964005470274,0.00020736511639445093,100.0,22301,32607
97000,1.0,3.5594183074235914,3.4736219227313994,0.00020568201372297415,3.0,22301,32607
98000,1.0,3.556071959376335,3.4718332409858705,0.00020399192678539235,100.0,22301,32607
99000,1.0,3.552044531583786,3.4706216430664063,0.00020229514573491663,100.0,22301,32607
100000,1.0,3.551311247944832,3.467706787586212,0.00020059196187399966,0.0,22301,32607
101000,1.0,3.551129957795143,3.4664155411720277,0.0001988826676043252,100.0,22301,32607
102000,1.0,3.546801740884781,3.4649548316001892,0.00019716755637660862,100.0,22301,32607
103000,1.0,3.5474514791965484,3.46225496172905,0.00019544692264021756,100.0,22301,32607
104000,1.0,3.544138365030289,3.463406044244766,0.00019372106179262096,99.0,22301,32607
105000,1.0,3.5482502789497374,3.458862826824188,0.00019199027012867524,0.0,22301,32607
106000,1.0,3.544293726325035,3.4584139835834504,0.000190254844789757,41.0,22301,32607
107000,1.0,3.5393528524637223,3.455864919424057,0.00018851508371274935,100.0,22301,32607
108000,1.0,3.541480548501015,3.453456777334213,0.00018677128557889275,0.0,22301,32607
109000,1.0,3.535737297773361,3.4528262782096864,0.0001850237497625073,100.0,22301,32607
110000,1.0,3.535534338235855,3.451603229045868,0.00018327277627959646,83.0,22301,32607
111000,1.0,3.536649174928665,3.4485129570960997,0.0001815186657363404,99.0,22301,32607
112000,1.0,3.5350606632232666,3.446566857099533,0.00017976171927748823,99.0,22301,32607
113000,1.0,3.533992460370064,3.4465345537662504,0.00017800223853465724,100.0,22301,32607
114000,1.0,3.5287222023010254,3.4445473062992096,0.00017624052557454952,99.0,22301,32607
115000,1.0,3.5294474806785585,3.4409717416763304,0.00017447688284709284,100.0,22301,32607
116000,1.0,3.528330872297287,3.44272869348526,0.0001727116131335164,0.0,22301,32607
117000,1.0,3.528866547346115,3.4393869745731354,0.00017094501949436964,99.0,22301,32607
118000,1.0,3.519063327074051,3.4371055614948274,0.00016917740521749255,100.0,22301,32607
119000,1.0,3.5234791746139527,3.4360636687278747,0.00016740907376594798,100.0,22301,32607
120000,1.0,3.5202323520183563,3.4343897068500517,0.00016564032872592264,0.0,22301,32607
121000,1.0,3.519556987285614,3.4321848559379577,0.00016387147375460814,15.0,22301,32607
122000,1.0,3.519849208235741,3.431037045717239,0.00016210281252806882,100.0,22301,32607
123000,1.0,3.5142033982276915,3.4286487913131714,0.0001603346486891072,99.0,22301,32607
124000,1.0,3.512743787050247,3.428323471546173,0.00015856728579513439,100.0,22301,32607
125000,1.0,3.511867973327637,3.4283498537540438,0.00015680102726605593,100.0,22301,32607
126000,1.0,3.5105033947229387,3.424702659845352,0.0001550361763321803,100.0,22301,32607
127000,1.0,3.5102506004571916,3.4227863645553587,0.00015327303598216107,100.0,22301,32607
128000,1.0,3.5090747890472413,3.4217045736312866,0.00015151190891097955,100.0,22301,32607
129000,1.0,3.504561738848686,3.419294877052307,0.00014975309746797846,0.0,22301,32607
130000,1.0,3.5037386919260025,3.4205812573432923,0.00014799690360495476,100.0,22301,32607
131000,1.0,3.5063914624452592,3.416459420919418,0.0001462436288243206,100.0,22301,32607
132000,1.0,3.5007811319828033,3.4172127521038056,0.00014449357412734177,100.0,22301,32607
133000,1.0,3.5011205155849456,3.4151260817050932,0.0001427470399624617,100.0,22301,32607
134000,1.0,3.49990641272068,3.412430474758148,0.00014100432617372103,100.0,22301,32607
135000,1.0,3.4979981117248533,3.410225349664688,0.00013926573194927993,99.0,22301,32607
136000,1.0,3.5007984220981596,3.410038350820541,0.00013753155577005428,0.0,22301,32607
137000,1.0,3.4960731377601624,3.407608309984207,0.0001358020953584722,100.0,22301,32607
138000,1.0,3.4958853278160094,3.406869667768478,0.00013407764762736149,27.0,22301,32607
139000,1.0,3.496909001469612,3.4060123097896575,0.00013235850862897556,100.0,22301,32607
140000,1.0,3.493537375688553,3.403200751543045,0.00013064497350416754,85.0,22301,32607
141000,1.0,3.4925142307281494,3.4017579448223114,0.00012893733643172057,100.0,22301,32607
142000,1.0,3.4895220441818235,3.4019070374965668,0.00012723589057784325,100.0,22301,32607
143000,1.0,3.4842028658390047,3.398963426351547,0.00012554092804583934,100.0,22301,32607
144000,1.0,3.486768266916275,3.3973363387584685,0.0001238527398259591,100.0,22301,32607
145000,1.0,3.4839354108572005,3.39567023396492,0.00012217161574544288,100.0,22301,32607
146000,1.0,3.4859145110845566,3.3936915493011472,0.00012049784441876317,32.0,22301,32607
147000,1.0,3.4801206830739977,3.3926199412345888,0.00011883171319807581,100.0,22301,32607
148000,1.0,3.4851190153360365,3.390476373434067,0.00011717350812388722,100.0,22301,32607
149000,1.0,3.478817769050598,3.3897195649147034,0.00011552351387594741,0.0,22301,32607
150000,1.0,3.478511109828949,3.3882873940467833,0.00011388201372437615,100.0,22301,32607
151000,1.0,3.478417443871498,3.386084837913513,0.0001122492894810313,99.0,22301,32607
152000,1.0,3.4745880134105684,3.387202501296997,0.00011062562145112758,100.0,22301,32607
153000,1.0,3.474006017923355,3.3844014048576354,0.00010901128838511389,20.0,22301,32607
154000,1.0,3.473738795161247,3.382891172170639,0.00010740656743081756,100.0,22301,32607
155000,1.0,3.469960823893547,3.382192602157593,0.00010581173408586379,100.0,22301,32607
156000,1.0,3.4694880526065828,3.379299027919769,0.00010422706215037837,100.0,22301,32607
157000,1.0,3.4691939716339113,3.3776219081878662,0.0001026528236799818,99.0,22301,32607
158000,1.0,3.4666187044382095,3.3761972963809965,0.0001010892889390829,100.0,22301,32607
159000,1.0,3.4650218826532364,3.3752533340454103,9.953672635448005e-05,100.0,22301,32607
160000,1.0,3.4676125357151033,3.3745466113090514,9.799540246927777e-05,97.0,22301,32607
161000,2.0,3.4484605498313905,3.373297947645187,9.646558189712673e-05,0.0,22301,32607
162000,2.0,3.4473355325460435,3.3725881385803222,9.494752727679507e-05,56.0,22301,32607
163000,2.0,3.442303334236145,3.370550639629364,9.34414992270787e-05,100.0,22302,32607
164000,2.0,3.4492250559329984,3.3696189308166504,9.194775630205826e-05,100.0,22302,32607
165000,2.0,3.443497062563896,3.3701900577545167,9.046655494671099e-05,99.0,22301,32607
166000,2.0,3.442650781273842,3.367892158031464,8.899814945288415e-05,83.0,22301,32607
167000,2.0,3.439724957227707,3.36722092628479,8.754279191563846e-05,100.0,22301,32607
168000,2.0,3.442148937821388,3.365175265073776,8.610073218996852e-05,100.0,22301,32607
169000,2.0,3.4413417874574663,3.3649723148345947,8.467221784790774e-05,99.0,22301,32607
170000,2.0,3.4440919493436812,3.362768100500107,8.325749413602549e-05,100.0,22301,32607
171000,2.0,3.4414919604063035,3.3623525857925416,8.18568039333232e-05,27.0,22301,32607
172000,2.0,3.438586143374443,3.3597399020195007,8.047038770953709e-05,99.0,22301,32607
173000,2.0,3.443260704040527,3.360570060014725,7.909848348385421e-05,100.0,22301,32607
174000,2.0,3.4403947347402575,3.358796625137329,7.774132678404984e-05,100.0,22301,32607
175000,2.0,3.4365030751228334,3.3579645681381227,7.639915060605188e-05,100.0,22301,32607
176000,2.0,3.4365800993442535,3.3557334661483766,7.507218537394044e-05,100.0,22301,32607
177000,2.0,3.435986196875572,3.3547432661056518,7.376065890038854e-05,100.0,22301,32607
178000,2.0,3.4320167542696,3.35456929564476,7.24647963475516e-05,100.0,22301,32607
179000,2.0,3.4349532784223555,3.3527694392204284,7.11848201884115e-05,99.0,22301,32607
180000,2.0,3.4344581356048582,3.3514051163196563,6.992095016858282e-05,100.0,22301,32607
181000,2.0,3.4336795878410338,3.3505338156223297,6.867340326858673e-05,100.0,22301,32607
182000,2.0,3.4302638298273087,3.349496116638184,6.744239366659996e-05,0.0,22301,32607
183000,2.0,3.4312546212673185,3.348793035745621,6.6228132701685e-05,100.0,22301,32607
184000,2.0,3.4259236907958983,3.3467605865001677,6.50308288375073e-05,100.0,22301,32607
185000,2.0,3.4259881843328475,3.3461519742012023,6.385068762654653e-05,100.0,22301,32607
186000,2.0,3.426385498166084,3.344497594833374,6.268791167480717e-05,66.0,22301,32607
187000,2.0,3.4289045203924178,3.3445339155197145,6.154270060703554e-05,0.0,22301,32607
188000,2.0,3.429935235857964,3.343347941637039,6.0415251032448135e-05,100.0,22301,32607
189000,2.0,3.424304680109024,3.3409821593761446,5.930575651097797e-05,63.0,22301,32607
190000,2.0,3.4267282869815827,3.340535805225372,5.821440752004411e-05,100.0,22301,32607
191000,2.0,3.426714054822922,3.339551490545273,5.714139142185088e-05,47.0,22301,32607
192000,2.0,3.422812842607498,3.3386835718154906,5.608689243122147e-05,100.0,22301,32607
193000,2.0,3.421223456740379,3.3385356414318084,5.505109158397204e-05,100.0,22301,32607
194000,2.0,3.4196262410879137,3.336705539226532,5.40341667058317e-05,88.0,22301,32607
195000,2.0,3.423032138347626,3.337422308921814,5.3036292381913194e-05,100.0,22301,32607
196000,2.0,3.4195891377925873,3.3347555112838747,5.205763992674063e-05,0.0,22301,32607
197000,2.0,3.418181916117668,3.334063872098923,5.1098377354838e-05,100.0,22301,32607
198000,2.0,3.4149034432172773,3.3338528406620025,5.015866935188467e-05,100.0,22301,32607
199000,2.0,3.4172091871500014,3.3323426723480223,4.923867724644212e-05,100.0,22301,32607
200000,2.0,3.415820005774498,3.3306849896907806,4.8338558982257234e-05,99.0,22301,32607
201000,2.0,3.416314928770065,3.3300802481174467,4.745846909114663e-05,97.0,22301,32607
202000,2.0,3.411178542971611,3.329653548002243,4.659855866646666e-05,100.0,22301,32607
203000,2.0,3.414171959042549,3.329178074598312,4.575897533717372e-05,96.0,22301,32607
204000,2.0,3.4127007662057878,3.3275894355773925,4.493986324247957e-05,100.0,22301,32607
205000,2.0,3.4120261585712433,3.3273040568828582,4.414136300710544e-05,100.0,22301,32607
206000,2.0,3.411521122813225,3.3263691413402556,4.336361171713968e-05,56.0,22301,32607
207000,2.0,3.4112452051639557,3.3244784569740293,4.260674289650303e-05,100.0,22301,32607
208000,2.0,3.4109338092803956,3.324913192987442,4.187088648402501e-05,100.0,22301,32607
209000,2.0,3.40853040933609,3.324783903360367,4.1156168811136446e-05,99.0,22301,32607
210000,2.0,3.408098947286606,3.323472019433975,4.0462712580180714e-05,100.0,22301,32607
211000,2.0,3.4075648703575134,3.3228684091567993,3.979063684334836e-05,100.0,22301,32607
212000,2.0,3.409509454250336,3.321773602962494,3.914005698223821e-05,99.0,22301,32607
213000,2.0,3.4067327424287797,3.322145481109619,3.8511084688048835e-05,24.0,22301,32607
214000,2.0,3.4090289061069488,3.320556435585022,3.790382794240343e-05,29.0,22301,32607
215000,2.0,3.4075166290998458,3.320326371192932,3.731839099881154e-05,99.0,22301,32607
216000,2.0,3.4064162889719007,3.318531483411789,3.675487436477083e-05,100.0,22301,32607
217000,2.0,3.4045075310468675,3.318376529216766,3.6213374784512175e-05,99.0,22301,32607
218000,2.0,3.3999294975996017,3.3178843438625334,3.569398522239054e-05,99.0,22301,32607
219000,2.0,3.4056448568105697,3.317021658420563,3.519679484692494e-05,100.0,22301,32607
220000,2.0,3.400227499842644,3.3172501516342163,3.472188901549002e-05,31.0,22301,32607
221000,2.0,3.405833835482597,3.3163267302513124,3.4269349259661956e-05,99.0,22301,32607
222000,2.0,3.402552544951439,3.31622646689415,3.383925327122121e-05,0.0,22301,32607
223000,2.0,3.399299010872841,3.3156995010375976,3.343167488881436e-05,82.0,22301,32607
224000,2.0,3.4006785925626755,3.315570585727692,3.30466840852776e-05,99.0,22301,32607
225000,2.0,3.4047913786172868,3.31506184220314,3.2684346955623744e-05,100.0,22301,32607
226000,2.0,3.4008008823394777,3.3156436955928803,3.2344725705695184e-05,99.0,22301,32607
227000,2.0,3.397996097445488,3.3144613945484163,3.202787864148437e-05,0.0,22301,32607
228000,2.0,3.404387760877609,3.313841146230698,3.173386015912384e-05,0.0,22301,32607
229000,2.0,3.401730897665024,3.313733503818512,3.146272073554757e-05,100.0,22301,32607
230000,2.0,3.39766203725338,3.3137348079681397,3.12145069198251e-05,99.0,22301,32607
231000,2.0,3.3968651584386826,3.312551544904709,3.098926132517002e-05,99.0,22301,32607
232000,2.0,3.399665885567665,3.3121924769878386,3.078702262162415e-05,100.0,22301,32607
233000,2.0,3.394674567461014,3.312956838607788,3.0607825529418696e-05,100.0,22301,32607
234000,2.0,3.40019649541378,3.312635437250137,3.0451700813013487e-05,100.0,22301,32607
235000,2.0,3.4010108811855315,3.3120450377464294,3.0318675275815357e-05,48.0,22302,32607
236000,2.0,3.3978022431135178,3.3113610780239107,3.0208771755576593e-05,100.0,22302,32607
237000,2.0,3.399278562307358,3.311503392457962,3.0122009120474047e-05,100.0,22302,32607
238000,2.0,3.3966932371854783,3.3104240679740906,3.005840226586999e-05,100.0,22302,32607
239000,2.0,3.3968207041025162,3.310999166965485,3.0017962111754805e-05,0.0,22301,32607
240000,2.0,3.400585024833679,3.310375269651413,3.000069560087227e-05,99.0,22301,32607
240246,2.0,,3.3099398958683013,3.0000000011588533e-05,99.0,22301,32607
