label,z_score
1,3.481553119113957
1,2.7774602993176543
1,4.330127018922194
1,3.544304092945183
1,9.035398058696476
1,6.9829724875517565
1,10.490935623216915
1,14.94717972790124
1,8.037035485422432
1,3.4101218185880198
1,5.515528318445926
1,6.154574548966636
1,5.359422007578723
1,6.402767666404454
1,15.309524686764883
1,6.059031639361167
1,12.129568697262455
1,23.90035977441763
1,8.475694565873862
1,5.570484990582331
1,6.697263122599658
1,21.25116326930146
1,6.976819652324345
1,19.177879047906195
1,14.04093883701412
1,7.465517058725969
1,4.437097101465178
1,11.86373765272435
1,13.218866706400927
1,11.575836902790227
1,8.16496580927726
1,4.798025909848648
1,4.798025909848648
1,4.660252001549779
1,13.879486037673853
1,7.444871848358975
1,8.120363200464785
1,4.901894677425396
1,5.719875971738852
1,10.29107003420828
1,12.842843926976222
1,4.287682814595206
1,19.11528223601717
1,7.236272269866327
1,6.715471761210061
1,5.715476066494083
1,6.174951306744203
1,6.3508529610858835
1,18.832331677673654
1,15.607222888836574
1,4.5850407708172565
1,3.533333333333333
1,7.223648826057695
1,21.88310590820065
1,4.947171899572681
1,16.00148060481075
1,9.639425217227348
1,15.42485067310586
1,19.230608222358146
1,5.171145012542265
1,7.972927164320992
1,7.6210235533030595
1,6.46175347003757
1,5.063033103498311
1,8.384348352573221
1,7.979583877950543
1,7.065767092077349
1,7.815038703165377
1,7.4853392060950075
1,5.973241301880029
1,19.52342641813874
1,9.511127086814604
1,7.156264473321344
1,12.972561671537319
1,7.759705701987263
1,9.631740207566262
1,6.083786736826829
1,8.235545657208966
1,5.917195393100688
1,4.3803769547120215
1,10.368333878586297
1,7.258661863112977
1,6.27162924074226
1,28.507658044184886
1,5.063033103498311
1,5.080682368868707
1,8.979981213666823
1,8.049526184495074
1,8.641844796192622
1,6.659058919504366
1,5.137126718505765
1,6.0883328268229135
1,14.65344342655743
1,5.388602512436507
1,3.1558437213360127
1,6.7461923416925424
1,3.2756920994133023
1,7.921553131555974
1,5.046949386828399
1,7.099785416844313
1,6.813299687492027
1,17.385392440902493
1,4.934841132684102
1,14.45539832139476
1,5.457607401403547
1,6.0891839288643785
1,4.729606286705072
1,14.685763234883124
1,8.355044182110838
1,5.8423739467217715
1,6.792534735908837
1,8.304961564496924
1,8.173093538837051
1,11.914034484047578
1,19.922564140404017
1,3.5395790044325226
1,21.19114999015478
1,6.50328247324605
1,5.4
1,11.036828992192394
1,5.926974966883571
1,7.029594915666377
1,8.063242090863513
1,11.734419110194553
1,4.866237983169703
1,10.696485233125747
1,9.156130945631862
1,27.471015933487255
1,22.921039785269457
1,8.619167203972973
1,17.84669638626641
1,9.125174913627742
1,4.078843426312125
1,4.4952920120081235
1,7.549532024566446
1,5.8918830363717944
1,2.370629249995805
1,6.516946235415336
1,3.2863353450309964
1,6.0740116085892195
1,5.720657822831735
1,2.792848008753788
1,6.372255001396044
1,6.746930620432885
1,4.87967672903848
1,6.01929265428846
1,6.245880184869588
1,7.28181815358572
1,16.0679527158133
1,6.392802556649305
1,5.778520948116921
1,6.567206798038654
1,6.265107527173338
1,7.236272269866327
1,19.922564140404017
1,3.366501646120693
1,4.100333411126101
1,9.663531361973137
1,20.037890126744998
1,7.770979851594088
1,6.834257143762642
1,2.8763532884018916
1,5.36050769377703
1,6.976819652324345
1,5.980594201482083
1,11.193257673306752
1,3.892252039008021
1,6.928203230275509
1,9.209401941068135
1,9.811557810392122
1,5.803392549135814
1,5.36050769377703
1,5.503479652755
1,8.332380897952962
1,3.610922276915204
1,4.87967672903848
1,3.162277660168379
1,3.609848715935058
1,17.385392440902493
1,22.6903878125875
1,8.057137228411857
1,14.732894755059991
1,18.48678430744111
1,5.062278801751901
1,4.437443981720681
1,5.630666258598823
1,7.0710678118654755
1,9.2721877679066
1,13.129685177966143
1,7.376503476038551
1,23.324447490696727
1,4.6475800154489
1,10.783524640381955
1,8.117599696745419
1,7.200077881198724
1,5.662208585049306
1,26.034841416475874
1,5.2278134055549765
1,6.012531715875485
1,6.200793351475459
1,4.783446031074605
1,9.848100051627506
1,13.810286864332163
1,4.660252001549779
1,9.099081363178746
1,6.207522318391883
1,7.880832879951232
1,11.171392035015153
1,24.18962563502022
1,6.092717958449424
1,7.048076422940983
1,6.695271963607354
1,21.537127949177716
1,8.198915917499228
1,19.293061504650378
1,5.3383252893559385
1,4.427188724235731
1,5.228129047119373
1,3.738331764050571
1,9.270955575556957
1,8.489087081848327
1,8.119622530770386
1,4.644832406568227
1,4.389381125701739
1,5.933333333333334
1,6.3088669190118285
1,3.6514837167011076
1,5.100030321316778
1,6.101422810155444
1,7.375832058196868
1,6.88189975353369
1,19.230608222358146
1,4.810702354423639
1,21.075824003813803
1,8.111071056538128
1,10.331352385107342
1,6.0740116085892195
1,10.210194024380922
1,6.6332495807108
1,3.053290134455173
1,16.248760636498474
1,18.141236937208564
1,5.86061441717516
1,13.649121124185491
1,11.345471989301863
1,9.059488977176247
1,7.976370726078331
1,3.694723317402382
1,19.691912167722062
1,15.886154618469774
1,8.271071757597298
1,7.112509139504988
1,5.543478937468666
1,8.165149702832746
1,16.413500086045843
1,9.831146333987238
1,7.121379656555416
1,4.297720905831796
1,6.567206798038654
1,17.154740468220538
1,22.518170293487454
1,9.054876691422653
1,6.484226842123354
1,2.970442628930023
1,5.662208585049306
1,4.158619680502032
1,1.5670935878004129
1,4.47213595499958
1,9.124171472002542
1,2.830110211550746
1,1.5650160901149996
1,16.18313517255748
1,6.795208855361117
1,2.5205041512504174
1,14.963546727741948
1,9.566807697649699
1,8.049708951735477
1,5.4272042023997455
1,3.2998316455372216
1,4.666666666666667
1,6.9829724875517565
1,4.8771699567255995
1,16.693436522856622
1,26.9574493072037
1,5.666666666666667
1,5.3707505285863055
1,17.334959739999295
1,-0.08247860988423225
1,5.040576098761669
1,15.25857930556585
1,8.961208520359484
1,7.013343843696721
1,5.924741690788224
1,11.323167756212044
1,5.720657822831735
1,31.2245108018199
1,10.013251560439898
1,7.581753965757455
1,4.807628288496167
1,6.167958807173937
1,29.03331706134131
1,6.746930620432885
1,8.46787565052693
1,8.720983634634086
1,11.734419110194553
1,24.88158155306609
1,11.336855300620304
1,8.635694600837738
1,7.0006306874506
1,6.492321213694224
1,8.327366284712477
1,4.257145483916761
1,8.304961564496924
1,6.138914766455381
1,8.679477710861025
1,6.807584731499359
1,8.016707904982121
1,6.7158789672707995
1,8.567194721542483
1,5.379312955574879
1,8.257228238447706
1,5.352643613280605
1,24.76625556672511
1,10.147701484110971
1,10.621327412623359
1,9.644985799520981
1,9.241848554584864
1,9.11111111111111
1,8.215135351586392
1,4.954336943068623
1,2.556038601690775
1,9.48958837788549
1,15.95277025906912
1,3.9055756460169304
1,6.314097752168568
1,21.42180196283674
1,6.582805886043833
1,7.7154990518977264
1,26.08882645255708
1,14.931824766683546
1,8.63586442839465
1,29.379295020364246
1,2.886751345948129
1,6.168493695012487
1,6.004442799572107
1,20.099338701859647
1,5.164303793352369
1,4.901894677425396
1,8.19882245540007
1,19.230608222358146
1,6.466323014923808
1,7.223151185146152
1,8.074061938731719
1,4.849742261192856
1,8.93188416732745
1,6.004149267724678
1,9.788404645143968
1,24.88158155306609
1,5.88348405414552
1,4.48358830654244
1,5.837652721806216
1,12.382114099999496
1,3.546580225021987
1,10.222044613404472
1,7.161084030926601
1,7.069156454130363
1,4.837531333408539
1,6.2724510848378765
1,33.87700848766241
1,6.622661785325219
1,4.291393525902813
1,7.421484445348452
1,5.1449575542752655
1,4.3142094409955565
1,3.940416439975616
1,11.937668805421621
1,8.844332774281066
1,18.832331677673654
1,7.774815830232241
1,7.246573018525412
1,18.60196676418529
1,17.962022372607386
1,6.630759154649411
1,22.74853520697582
1,11.388441151171618
1,7.756630173800768
1,22.6903878125875
1,7.9115480528524
1,9.354953314429288
1,3.6521858576011077
1,5.5377492419453835
1,3.7273424528752774
1,4.530051602506037
1,6.97427579579536
1,7.3638173830977705
1,4.242640687119286
1,19.52342641813874
1,7.702813338860895
1,8.546875438111943
1,2.182178902359924
1,6.225081042599213
1,15.031310605115667
1,8.560707580902077
1,13.188391297208765
1,4.947171899572681
1,6.885303726590964
1,5.114610021183414
1,5.024042353020645
1,8.135602877970026
1,5.863527298559492
1,4.222222222222222
1,8.165149702832746
1,9.759000729485333
1,7.392997379710767
1,5.33162540959103
1,3.028960741674143
1,7.268374528922056
1,5.628510875900897
1,11.822071913804063
1,7.815251814211762
1,7.32325314529251
1,8.888516325048746
1,6.166448702919271
1,6.138245895861674
1,3.9055756460169304
1,7.838427449551967
1,6.004149267724678
1,9.830325229495058
1,31.2245108018199
1,5.5425625842204065
1,4.418160988482258
1,2.7774602993176543
1,5.299233090271576
1,21.25116326930146
1,7.759812450409915
1,5.333333333333333
1,6.789028582272215
1,14.45539832139476
1,8.126643098003507
1,6.392802556649305
1,19.984156245115464
1,23.843647675997286
1,4.990361079491514
1,8.454027929649518
1,23.612995703315327
1,5.901700209217436
1,5.197661616006741
1,17.731370399925428
1,7.466196221738709
1,9.0
1,11.313708498984761
1,7.181251309512178
1,7.549443707650601
1,5.495843982071254
1,16.18313517255748
1,3.2166657854850578
1,16.19444851180879
1,8.93188416732745
1,6.182045541309925
1,8.309321147191921
1,3.0550504633038935
1,5.910624659963424
1,5.277790490704241
1,6.492321213694224
1,6.9829724875517565
1,9.996892172437624
1,23.843647675997286
1,5.852184379828089
1,20.383868085767933
1,3.4429142505420267
1,5.628510875900897
1,4.810702354423639
1,8.119622530770386
1,4.431293675255978
1,12.497296556743677
1,8.795200711499172
1,5.787674415621782
1,8.062690667686086
1,5.2278134055549765
1,6.704890420846231
1,16.23213257749271
1,19.461260195040104
1,4.618802153517006
1,7.1835225519713966
1,3.4743399734864924
1,8.561186063276269
1,5.48219132908616
1,7.075942729929445
1,9.408763079971536
1,7.851963660978909
1,10.34962579508847
1,6.316820578599824
1,5.666666666666667
1,3.452822876372728
1,11.403146321596774
1,7.12434364706207
1,7.525753364040681
1,5.105097012190461
1,22.287805379999092
1,6.556925040997952
1,11.082093005751569
1,8.642317696799498
1,7.884203920677707
1,3.8586123009300755
1,4.34086826048683
1,6.740396886799091
1,7.6382873959700115
1,19.52342641813874
1,6.93048186978138
1,10.482874923734741
1,3.7716825457067866
1,6.976819652324345
1,23.036365771610434
1,7.330486397812656
1,8.976251969235527
1,5.881176352917641
1,6.138314026063575
1,3.700850753042643
1,7.142054924590072
1,5.827942371086193
1,7.825315045131125
1,26.726797334521745
1,6.647097715994327
1,7.122019646266634
1,19.80723815406304
1,6.764754597315764
1,8.616505170822508
1,8.713298378194734
1,7.453559924999299
1,10.517526205715996
1,6.112798079954905
1,8.643325211229223
1,2.143580348123382
1,9.536816931921386
1,15.655502645787818
1,8.2746395199652
1,11.734419110194553
1,9.924890340747451
1,15.157969684090947
1,6.929436774882502
1,4.57466241725923
1,15.005382768443177
1,6.758453353343745
1,4.356370212976267
1,6.516946235415336
1,6.0740116085892195
1,7.921553131555974
1,6.48661625781813
1,10.136060675992288
1,22.6903878125875
1,6.957010852370434
1,10.470436315170282
1,4.482031636985253
1,9.04194430179465
1,7.383460076130335
1,5.508844563159559
1,6.192361855168458
1,4.849742261192856
1,5.9876415934699905
1,11.345471989301863
1,5.1449575542752655
1,8.482607801170657
1,5.515528318445926
1,8.074061938731719
1,6.774048824625568
1,5.550028549603007
1,5.379312955574879
1,8.119817860049464
1,4.657094007013809
1,8.704517646083579
1,7.021132123546479
1,18.192674345289344
1,15.251299962220743
1,11.074627890819185
1,6.377042156569663
1,9.710933128295252
1,9.111916759223991
1,5.019011475427825
1,5.603155257282213
1,4.700207870189201
1,20.268542099426952
1,1.1648208067068038
1,12.454739150498815
1,11.541371323743133
1,18.294931115052183
1,20.444886072092192
1,4.6995339433948695
1,18.077348358948363
1,6.392626349302065
1,5.943753454527293
1,4.345129435670943
1,4.290691028089191
1,6.753561423449966
1,7.928661560942265
1,12.612479013487858
1,5.630666258598823
1,8.843918250239566
1,8.619047619047619
1,5.167050676973538
1,28.738022957673248
1,13.710581312262427
1,2.7774602993176543
1,4.656821913941336
1,8.0
1,24.937001885115265
1,6.764754597315764
1,5.948118774794627
1,5.810848255358981
1,9.963282508371687
1,19.408243961394557
1,6.880975663883467
1,7.637626158259733
1,10.297534446957414
1,14.109850951162217
1,24.420277607702175
1,5.068030337996144
1,4.480896268889631
1,4.700207870189201
1,6.112798079954905
1,1.9603921176392136
1,7.8859162479719505
1,6.192361855168458
1,24.18962563502022
1,6.2459426358260375
1,16.528682542790026
1,10.248201843525576
1,10.710187955236092
1,13.060433512996443
1,7.1904495062940335
1,9.435641951204964
1,6.745611015605348
1,11.988298388245683
1,5.852184379828089
1,6.092717958449424
1,5.144434027684821
1,5.33162540959103
1,5.133333333333334
1,7.890453678924885
1,3.849001794597505
1,2.519763153394848
1,4.278406467922596
1,9.617735138139144
1,7.498701860656655
1,12.311049041899444
1,14.34021586465058
1,7.381013824629044
1,5.4977332806413255
1,4.900769721140662
1,5.962847939999439
1,6.834257143762642
1,7.7192102508321225
1,7.520441940462394
1,6.513721780101713
1,7.869852567821861
1,6.047078979069521
1,7.675761373407768
1,10.459155768700427
1,6.890727683873459
1,6.514421014903803
1,7.673442541005147
1,5.386525040752342
1,7.332193529013174
1,4.714045207910317
1,8.91511653497833
1,4.835481053902881
1,5.7318235466202765
1,20.960498017472823
1,4.016632088371218
1,10.88494608539938
1,2.5083402029162802
1,11.417452850740988
1,9.033990003951681
1,4.5850407708172565
1,3.2732683535398857
1,4.354648431614539
1,5.757201004700227
1,9.467292624062575
1,4.744237363580554
1,8.735130497992328
1,4.298052003967214
1,9.898722618607026
1,6.455825737302179
1,4.741859557969906
1,5.687501230847872
1,7.503190810610213
1,6.708962521660733
1,6.307044965701207
1,7.242506521172063
1,5.88348405414552
1,16.462784550174668
1,7.4853392060950075
1,5.806929490490382
1,7.487767802667673
1,9.533126619564753
1,4.302652729749464
1,11.042463192148682
1,7.2367056428963945
1,11.379101485498929
1,7.688323077927951
1,7.680821888028773
1,8.08290376865476
1,7.9211258543744005
1,9.848100051627506
1,5.917113520619842
1,4.3580096445528325
1,5.506815847781718
1,2.79517586746904
1,14.617568768719012
1,4.952782515395638
1,10.002940744071802
1,6.506935237542097
1,8.475706863595912
1,7.06616537234354
1,6.7461923416925424
1,18.653978290653257
1,5.4140120502036915
1,2.9541957835039856
1,25.39773171209199
1,9.50664736308345
1,19.984156245115464
1,6.182045541309925
1,3.2576683534048083
1,11.482880304365635
1,12.426375028240422
1,5.778520948116921
1,5.26136791501647
1,5.386656129458062
1,6.559132733999383
1,4.270992778072193
1,24.361089601394358
1,6.945126536550335
1,5.773502691896258
1,7.275328372685519
1,7.377253439645218
1,7.756630173800768
1,6.577329341097438
1,7.81684273239716
1,6.357952413886338
1,7.565344158360031
1,5.715476066494082
1,7.1904495062940335
1,4.256282653793743
1,6.92820323027551
1,8.958635100122276
1,9.433782628492557
1,13.994668494418034
1,7.9211258543744005
1,9.08956297292448
1,10.090615086332091
1,5.306686305052324
1,4.270992778072193
1,7.085662394599953
1,5.079517509305468
1,8.16020664144467
1,3.0071599147182333
1,7.759812450409915
1,13.34898291896825
1,3.0550504633038935
1,9.312573397034006
1,8.024938110407753
1,14.848220741400969
1,0.0778498944161523
1,5.835107955169711
1,6.196773353931867
1,6.350242624919842
1,7.96486185631891
1,27.8165633037198
1,25.45821148477098
1,5.902918298980975
1,6.083786736826829
1,4.905778905196061
1,13.118330946286292
1,10.038478160111909
1,3.396831102433787
1,21.42180196283674
1,6.250541102117805
1,8.619047619047619
1,7.581753965757455
1,16.0679527158133
1,6.560655004862472
1,18.769304276994234
1,5.5448262406693765
1,5.994441870043727
1,7.777777777777778
1,19.177879047906195
1,6.602956445140701
1,26.9574493072037
1,4.735680169380811
1,16.874229913022567
1,12.151749186511134
1,18.077348358948363
1,5.7456892522846
1,7.84062560233975
1,6.455825737302179
1,7.142023002553416
1,11.042463192148682
1,7.894775828363777
1,4.320493798938573
1,3.4219405926104036
1,4.308294733275792
1,8.543661512886827
1,8.119817860049464
1,7.514346864833394
1,9.993965459379574
1,9.067984696540512
1,6.0883328268229135
1,12.962142680017948
1,4.74692883171144
1,8.314041596674441
1,10.696485233125747
1,20.960498017472823
1,6.976819652324345
1,4.996224990024308
1,5.1649707721267
1,6.248251788020715
1,12.831318155143949
1,5.621995873961275
1,2.9823111665585627
1,7.348469228349534
1,10.716449687597569
1,8.13539015676291
1,7.118052168020874
1,5.958795715311241
1,4.900769721140662
1,6.305825945918191
1,7.783095565170492
1,19.691912167722062
1,8.413753371192062
1,3.3235488579971637
1,5.4349297638940595
1,11.333333333333334
1,8.545640527659236
1,6.463192814463465
1,6.02869245718861
1,7.419408268023742
1,5.715476066494083
1,5.749792108382484
1,13.466446860283645
1,4.969080022740772
1,6.4059224389549705
1,6.646940512883967
1,8.748222731857231
1,7.4730284253543315
1,7.5955452531275
1,5.658537586607305
1,6.713171133426189
1,13.41875621069713
1,8.728412523774594
1,8.05978374152272
1,15.95277025906912
1,7.198903546511335
1,7.620634755325443
1,5.001687478954558
1,4.260064336151292
1,20.444886072092192
1,7.641300523092291
1,9.658551356056941
1,25.167366798603627
1,7.45559956759218
1,8.667727291676734
1,6.7005999146111
1,12.44063311454362
1,3.6666666666666665
1,12.888145501914835
1,16.643864999534205
1,8.185007653172102
1,6.680442993100892
1,5.7726143923769
1,9.471360338761622
1,5.628616053819863
1,2.1783245945486835
1,5.220368976638745
1,4.50333209967908
1,2.3462229017640044
1,6.092848842499201
1,9.145247703346014
1,5.574985181156533
1,19.52342641813874
1,9.649012813540153
1,5.32431353385031
1,11.81910601156742
1,7.4730284253543315
1,3.0508510792387598
1,7.202940575985371
1,7.392997379710767
1,14.502242782378033
1,6.004442799572107
1,4.6995339433948695
1,13.410632737590541
1,3.449796936212174
1,7.737305757377162
1,7.290365236897005
1,7.452413135250993
1,8.77572409168231
1,7.014242710257693
1,6.19962048174298
1,2.7756805500135044
1,7.12434364706207
1,4.429629964412561
1,6.112798079954905
1,6.098179517465032
1,5.306686305052324
1,4.2527663356192456
1,7.797126440099043
1,11.575836902790227
1,7.069156454130363
1,5.827486247053352
1,6.978919257998465
1,4.923659639173309
1,11.902380714238083
1,8.04335365738339
1,20.790433442324737
1,4.168439339227896
1,17.219777283255112
1,6.135536548922954
1,23.267017744292392
1,17.79568956697602
1,6.841420279922941
1,5.973241301880029
1,14.738117967098825
1,6.454972243679028
1,17.500718427243473
1,5.7726143923769
1,3.5777087639996634
1,6.645396174990671
1,6.340751391209736
1,7.972410051791009
1,7.516055757349243
1,4.526019054848144
1,5.973241301880029
1,3.544745038970271
1,4.607038767098708
1,27.76473121159055
1,4.08248290463863
1,4.866884749424328
1,6.531972647421809
1,8.624128179384863
1,17.500718427243473
1,9.404179735161811
1,17.79568956697602
1,6.599663291074444
1,14.68446642149061
1,14.570580778138941
1,8.508794622114523
1,18.256419393952747
1,8.676958999922658
1,5.421151989096865
1,7.6681158050723255
1,6.910735830582861
1,6.516946235415336
1,12.266931643255315
1,6.114295984380816
1,17.79568956697602
1,8.27596560617722
1,9.101932853771531
1,11.042463192148682
1,16.92408849553858
1,12.344267996967352
1,16.347458563833687
1,8.352590362621992
1,25.858461539068717
1,7.84627953644927
1,9.418826132501104
1,7.686717564169701
1,6.3802580126271
1,6.93048186978138
1,5.208553758776472
1,4.109238950080471
1,22.459735839905544
1,4.160251471689218
1,8.181649829917799
1,2.622249125500946
1,5.887840577551898
1,10.987005311470714
1,6.354889093022426
1,7.177929134971079
1,6.432675209026769
1,7.713901315435238
1,12.958026383720403
1,7.338553599452608
1,6.909709546826508
1,6.168493695012487
1,9.744712427252797
1,6.042074698865172
1,12.958026383720403
1,22.459735839905544
1,5.370861555295747
1,4.076197322920544
1,6.5857407082520725
1,5.477225575051661
1,7.175639059928206
1,6.90759433071681
1,11.619093123853574
1,5.860528507952449
1,4.044563087162535
1,5.766441871019932
1,4.28479604230855
1,5.715476066494082
1,6.0287670170634176
1,16.874229913022567
0,-0.2715627232967842
0,-0.0553001263609331
0,0.1143323900950059
0,0.0
0,0.7706746355884524
0,-0.9816160794855359
0,-0.8894859640679302
0,0.6107932814554214
0,-0.769800358919501
0,-1.4381849910133495
0,-0.3478327964999673
0,-1.1254628677422753
0,-0.19779694303230888
0,1.2610831807632956
0,-0.9320070332440739
0,0.5926672593342224
0,-0.6172133998483676
0,-0.7343880736345255
0,-0.8600732686214939
0,-0.7807200583588266
0,1.1846977555181846
0,-1.4274928542926595
0,-1.6632148162231524
0,0.13245323570650439
0,-0.0563436169819011
0,-0.8075728530872482
0,0.5607721540920443
0,0.4714045207910317
0,-1.648599285657997
0,-0.31311214554257477
0,1.2060453783110545
0,-1.5554275420956378
0,-0.5518192679714116
0,-2.4394301941500904
0,0.10369516947304253
0,-1.2638669771671374
0,1.651445647689541
0,-0.7808688094430304
0,-0.6262242910851495
0,-1.0659034828453202
0,-0.8265682851547358
0,-1.2850936923219267
0,0.2027212135198458
0,0.5345224838248488
0,-2.0869967789998034
0,-1.107299565054002
0,-0.3611575592573076
0,-1.1815816796567569
0,-1.0083683467310325
0,-1.0954451150103321
0,1.3308209261014037
0,0.19738550848793068
0,-0.10762440050012628
0,-1.4779939172464396
0,-1.9311348394029353
0,0.4082482904638631
0,-0.9438798074485389
0,-2.1630645583290957
0,-0.15877683720748895
0,0.0
0,-0.8268106308031118
0,-2.107769414157945
0,-2.400396792595916
0,0.4490502093697089
0,-2.8633165316261646
0,-1.0289915108550531
0,0.5773502691896257
0,-1.7941704542901211
0,-0.43721074843444035
0,-1.3243043271714585
0,0.09245003270420485
0,-0.19518001458970666
0,1.0388150415966655
0,-1.5614401167176533
0,-1.2653733009050234
0,-1.0690449676496976
0,-1.2155415958157878
0,-0.9284766908852594
0,-2.7329408184666897
0,-0.3110855084191276
0,-0.12897053875568948
0,-1.377945636523876
0,0.7167987336961821
0,-1.4142135623730951
0,-0.8267673819143256
0,-0.9428090415820635
0,-0.8268106308031118
0,-1.547905486782509
0,-1.102491821052753
0,-0.8846517369293828
0,-0.6599663291074443
0,1.1322770341445956
0,0.0761386987626881
0,-1.0327955589886444
0,-0.6227991553292184
0,-1.6105033824763246
0,0.3464101615137754
0,-1.2708214194383722
0,0.6793662204867574
0,-0.14285714285714285
0,-0.20739033894608505
0,1.4535047493345277
0,0.45398994507478646
0,-0.3572948005052482
0,-1.2816138016780185
0,-1.2185435916898848
0,0.0
0,0.5163977794943222
0,-0.21223817998900443
0,0.060522753266880246
0,0.5163977794943222
0,-0.693888666488711
0,0.34992710611188255
0,-1.247219128924647
0,0.970142500145332
0,-0.7302967433402214
0,-2.9199855803537256
0,-1.8516401995451028
0,-0.497437194810748
0,-0.06876141641725289
0,1.3767583342214154
0,-0.3168150047139433
0,0.07273929674533079
0,-0.8374357893586237
0,0.7453559924999299
0,0.20412414523193154
0,3.031114369499715
0,-1.1430952132988164
0,-2.3368085410027435
0,-0.2813874297663251
0,-0.4745789978762495
0,0.3094922302950865
0,0.4082482904638631
0,-1.2967621369399227
0,1.0540925533894598
0,0.6221710168382552
0,1.1220817071465665
0,-1.1824594246010054
0,-2.064098883697356
0,-1.0499013139145201
0,-2.0855209398041166
0,0.32254297430886397
0,-1.873171623163388
0,-1.2792042981336627
0,-0.4595315924587925
0,-1.3736954680718683
0,0.7177405625652734
0,-1.0079052613579391
0,-0.94087507228077
0,-1.1824594246010054
0,1.0289915108550531
0,0.6880329612324521
0,0.0
0,0.18831089428867737
0,-0.9979402655783318
0,0.2743516305843672
0,-0.8427009716003844
0,0.52678658400752
0,-0.2886751345948129
0,0.2844400619942871
0,-0.4987546680538164
0,-0.9058216273156765
0,0.2856063671889196
0,0.1849000654084097
0,-1.6329931618554523
0,0.8411910241920598
0,-0.4444444444444444
0,-1.4975535605335346
0,-1.410028251146314
0,-0.7684732793678399
0,0.5940885257860046
0,-1.0093898773656798
0,-1.1162105204332764
0,2.0426487199475707
0,0.18033392693348646
0,1.5827680307534828
0,-1.4312528946642689
0,-0.7385489458759964
0,-1.160196526302232
0,-0.3796631983009996
0,-1.0154748070832003
0,0.6756893384895896
0,-2.5870466670542185
0,-2.088931871468374
0,-1.1279411814897635
0,0.3698001308168194
0,-1.328422328310143
0,-1.414213562373095
0,2.6666666666666665
0,-0.1466471150213533
0,-1.2570787221094177
0,0.4944132324730442
0,-0.15877683720748895
0,0.4931969619160719
0,-0.8926073982886735
0,-0.1421338109037403
0,0.30726589691430295
0,-0.42152091588164103
0,-1.3825031590233277
0,-0.9326427425370879
0,-2.501289819984835
0,1.052273583003294
0,0.030816677568068284
0,0.32673201960653564
0,-1.1547005383792517
0,-0.6344412685745153
0,-3.606060606060606
0,-2.024874758011012
0,-1.9051586888313607
0,-1.2830660557435694
0,-1.5009575487729128
0,-1.2566761606227739
0,-0.8084520834544433
0,-0.9539980920057239
0,-1.0369516947304254
0,-1.5
0,-1.091089451179962
0,-1.1322770341445956
0,1.6081688022566922
0,-0.5238095238095238
0,1.294300457858868
0,1.4312528946642689
0,-0.5036554011451931
0,0.16329931618554522
0,-2.0246705361964064
0,0.15032920560056579
0,1.539600717839002
0,2.2736273018003317
0,-0.43328912241312106
0,-0.3495310368212778
0,-1.338877362790406
0,-0.8846517369293828
0,-1.0104934667841758
0,-1.2982269672237463
0,0.4879500364742666
0,-2.1997067253202993
0,-1.2096294735180122
0,-0.0982946374365981
0,0.4283930429534732
0,-0.7223151185146152
0,1.1375002461695742
0,-1.003802295085565
0,-0.7735267838285931
0,-0.7703288865196432
0,-0.9584232173801047
0,0.5555555555555556
0,-0.7388664511337208
0,-1.5215349135496974
0,-1.2316900452037713
0,-0.4082482904638631
0,-2.1057190595598847
0,-1.2603922360077393
0,-1.2515654358043973
0,0.8444407432001202
0,0.5940885257860046
0,0.32478490123081544
0,1.600833116432399
0,-1.6086682753357464
0,1.543033499620919
0,-0.5635470715364159
0,-2.2222222222222223
0,-2.252817784447915
0,0.2847473987257497
0,-0.47468503720231336
0,-2.363515791475006
0,-0.6970966755769258
0,-0.29277002188455997
0,0.0
0,-1.5118578920369088
0,-1.9106717841289924
0,-0.5601120336112039
0,-1.5275252316519468
0,-0.29814239699997197
0,0.10286889997472794
0,-1.5404023844998551
0,-0.5465943944999485
0,0.5687111245916713
0,-0.3427914748120742
0,-1.0721125348377947
0,-1.885618083164127
0,0.727606875108999
0,-1.1675275445897997
0,-0.05337605126836238
0,-0.9229582069908973
0,-0.5310850045437943
0,-0.6350528962771202
0,-1.247219128924647
0,-0.6030226891555273
0,0.1781741612749496
0,-1.5666989036012806
0,0.19802950859533489
0,-0.1781741612749496
0,0.4476706355737555
0,-1.3093073414159544
0,-1.1375393879832252
0,-0.06516352124510746
0,-0.7312000173321488
0,0.0
0,0.808290376865476
0,-2.897472836319489
0,0.7223151185146152
0,-1.2336987390024976
0,-2.0947696058260292
0,0.3622617780011092
0,-1.1022141502711038
0,-0.8551861104941366
0,-1.9066253239129507
0,0.6644105970267493
0,1.294300457858868
0,-0.05337605126836238
0,-0.7566499084579774
0,-0.0982946374365981
0,-1.044465935734187
0,-1.5069930449020585
0,-1.7295896328868194
0,0.48038446141526137
0,-0.8313883232084032
0,-0.5459486832355505
0,-0.9949366763261821
0,-0.22645540682891915
0,-0.9609876522409447
0,1.4222003099714355
0,-0.4264014327112209
0,0.26490647141300877
0,0.7580980435789034
0,0.6810052246069989
0,-3.027286577695422
0,-0.4216370213557839
0,2.2649895175900703
0,-0.46188021535170054
0,-0.5832118435198043
0,-0.60279628678631
0,-1.1206310514564426
0,-0.5345224838248488
0,-1.0497813183356477
0,-0.3086066999241838
0,0.38979223247279315
0,-0.4364357804719848
0,-1.5614401167176533
0,-1.1185178814316072
0,0.7921180343813395
0,-1.9535095026508165
0,0.4931969619160719
0,-1.6576994539646794
0,0.12751534261266764
0,-0.15617376188860607
0,-1.1040405212838955
0,0.0
0,0.5410017808004594
0,-0.44393726130029104
0,-2.5246749770688104
0,-0.7777777777777778
0,-0.0837707816583391
0,0.34992710611188255
0,-1.2421180068162376
0,-0.3629150273454803
0,-3.0362884611063587
0,-0.7789361803342478
0,-0.8944271909999159
0,0.30151134457776363
0,-1.4605934866804429
0,0.8980265101338745
0,0.17960530202677488
0,0.898669162696764
0,0.2602896031476768
0,-0.6148789007925227
0,0.3927922024247863
0,-1.8523964340873709
0,0.6666666666666666
0,-0.816496580927726
0,0.5703518254720301
0,-0.35603449745815596
0,0.36469840431289846
0,-2.2478059477960657
0,-1.201417325888292
0,-2.096647596142474
0,-0.20779290873084566
0,1.8675981112953637
0,-1.0674899923282326
0,-1.4059189831332755
0,-1.5118578920369088
0,0.1659003790827993
0,-0.5631625906963907
0,-0.6793662204867574
0,-2.7851237170652823
0,-0.7258661863112977
0,-0.8553989227683015
0,-0.3802345503146868
0,-2.468709655505094
0,-2.6984042101555654
0,-2.06418738616856
0,-0.4723774929733302
0,0.7293249574894728
0,-0.5345224838248488
0,-1.201417325888292
0,-1.4636973784390857
0,-0.05083285677753489
0,-1.7834409375160543
0,-0.25715142542972574
0,-0.03202563076101743
0,-1.8134620725685686
0,-0.262431940540739
0,-0.05862103817605492
0,1.5403080924308108
0,-1.623005342401378
0,-1.8556740475630138
0,-2.1767677315251954
0,-0.6508140266182866
0,-2.13055556503622
0,-0.7807200583588266
0,1.9586544731803468
0,1.2422599874998832
0,1.1710800875382399
0,-1.5546682810337027
0,0.3849001794597505
0,-1.0403831043155778
0,-1.0392304845413263
0,0.35243135224914685
0,0.11867816581938533
0,0.7559289460184544
0,0.0
0,0.30039875279601214
0,-0.4666666666666667
0,-0.1643989873053573
0,-1.7538384666464035
0,0.08124444637023875
0,1.1593472394004207
0,-0.7878385971583353
0,-1.8543452998910612
0,-0.24663181183349503
0,-1.023532631438318
0,-0.24733283866815067
0,-1.005037815259212
0,0.44811071494822086
0,0.6319334885835687
0,1.0540925533894598
0,0.5184758473652127
0,-1.1399408934860225
0,-1.1405634378464937
0,-0.5659164584181103
0,-1.6591227115686804
0,-2.219820220187831
0,0.0
0,3.0820624157214684
0,-2.4699879222648953
0,-0.8510644963469901
0,-1.1925695879998879
0,-1.4289915348674005
0,-3.043735777852624
0,-1.9672897619907412
0,0.9183979479633063
0,-0.1901172751573434
0,0.11724207635210984
0,1.2185435916898848
0,0.34992710611188255
0,0.10127393670836667
0,-0.647150228929434
0,-0.7938841860374447
0,-1.2247448713915892
0,1.0283744244362227
0,0.02649064714130088
0,-0.0949157995752499
0,-0.47468503720231336
0,-1.1986582537134605
0,-0.5940885257860046
0,-1.2435400084345174
0,-0.49170515840695195
0,0.4685212856658182
0,-1.6184360807372111
0,0.07053456158585983
0,-0.5003702332976756
0,-1.044465935734187
0,0.6365239496641676
0,-1.404501619333974
0,0.4775669329409193
0,-1.3345953623270168
0,-1.3957263155977062
0,0.2182178902359924
0,-1.1202240672224077
0,0.5229763603684907
0,-3.525983286905212
0,0.5407380704358752
0,-1.247219128924647
0,0.5773502691896257
0,-1.895800465750706
0,-0.6666666666666666
0,2.32379000772445
0,1.837023583785173
0,-1.721325931647741
0,0.06495698024616309
0,-1.759186414825121
0,-1.410028251146314
0,-1.0718844015157447
0,1.2443420336765103
0,0.5933908290969266
0,-1.5482774688560756
0,-0.7570332986102252
0,-2.5273190879174514
0,-0.3481553119113957
0,0.34259435491376583
0,1.203858530857692
0,-1.7594784092337856
0,-1.0080972981818896
0,-0.769800358919501
0,0.05581455721859476
0,0.18786728732554486
0,-0.07548513560963972
0,-1.381884408977108
0,0.5184758473652127
0,-2.688885926714207
0,0.9332565252573828
0,-1.698789535488692
0,-0.5063696835418333
0,-0.2721655269759087
0,0.8783100656536799
0,-1.8655645962924892
0,-2.5068139801541314
0,-0.4375949744936836
0,0.0
0,-0.454858826147342
0,-2.3293005442924333
0,-0.8665782448262421
0,-1.3862065601673441
0,-2.720725911599683
0,-2.403611611169487
0,-0.8307471607356973
0,-3.6345101746541046
0,0.14797908710009702
0,-0.6868028197434451
0,-1.0289915108550531
0,-3.0065841120113155
0,-0.9173286442120083
0,1.3351839009599824
0,-0.6808829066491903
0,0.691163516376137
0,-0.49770113724839793
0,1.4026687687393442
0,-2.2404481344448155
0,-1.3696601740023189
0,-1.2570787221094177
0,-1.7566201313073597
0,-2.1019754169815528
0,1.2443420336765103
0,-0.7969759116024403
0,-0.5819143739626463
0,-1.5191090506255
0,-0.7258661863112977
0,-1.6728567220186852
0,-1.8371173070873836
0,-0.816496580927726
0,-0.28005601680560194
0,-2.262867069866572
0,0.4987546680538164
0,-1.6081688022566925
0,0.6666666666666666
0,-1.2935233335271092
0,0.1203858530857692
0,-1.7913371790059203
0,-0.08124444637023875
0,0.22645540682891913
0,-0.037190400165280094
0,-1.0972602697183962
0,-1.983673196268351
0,-0.7089175569585667
0,-1.066599460248387
0,-1.2515654358043973
0,-1.4517323726225955
0,1.1627811165879987
0,-0.20100756305184242
0,-0.15161960871578067
0,0.24618298195866545
0,-1.0512006616484926
0,-2.0565089907970813
0,-0.6172133998483676
0,-1.3221956885608577
0,-0.7337993857053428
0,-1.2792042981336627
0,-0.502518907629606
0,-2.5674455785518138
0,-1.2341826246770988
0,-1.0208483485227062
0,0.09759000729485333
0,-1.4795908857482156
0,-1.5555555555555556
0,0.0
0,-0.5242105950545827
0,-1.841106015823735
0,-1.3862065601673441
0,-0.8191334856314992
0,-1.637382280853287
0,-0.6508140266182866
0,-1.532838378934635
0,-1.2157853884576717
0,-0.0949157995752499
0,1.2514423708060989
0,-0.0949157995752499
0,-1.4580076006393152
0,-1.5637431441464866
0,-1.295043578747506
0,-0.2931051908802746
0,0.485071250072666
0,-0.287242494810713
0,-2.619859275373662
0,0.7094756547606031
0,-0.34426518632954817
0,-0.6713171133426189
0,-0.1698089027028311
0,-0.5773502691896258
0,-0.23855936180684895
0,0.29925280083228983
0,0.2346185661017325
0,-1.1202240672224077
0,-0.5388159060803247
0,1.033773122443638
0,-0.17066403719657228
0,-0.5940885257860046
0,-0.6963106238227914
0,0.39223227027636803
0,-1.378123654176776
0,0.41403933560541256
0,-1.1022141502711038
0,-0.6163156344279367
0,-1.2310418016971534
0,-1.3242443839434612
0,-0.7332355751067665
0,0.39605901719066977
0,-0.2765006318046655
0,-1.0400959527861096
0,0.9930424630061564
0,0.4283930429534732
0,-0.4845015831115092
0,-1.1050364372445785
0,-2.2680460581325725
0,-0.09690031662230184
0,-0.11909826683508273
0,-0.6221710168382552
0,0.03212462831016178
0,-0.808290376865476
0,-0.592156525463792
0,-1.9473352806695878
0,0.6711560552140243
0,0.778498944161523
0,-0.17733172553297716
0,0.3944053188733077
0,-0.4376881095324085
0,-2.0557448665925784
0,-2.312352087541906
0,1.3112201362143716
0,1.0120486274099798
0,-0.2721655269759087
0,-0.811502671200689
0,-0.3622617780011092
0,0.4399413450640599
0,1.5132888984074686
0,-0.3364632924552266
0,-1.8475208614068022
0,-0.20100756305184242
0,-0.06262242910851495
0,-1.172170525067662
0,-0.8468017304727874
0,-2.449489742783178
0,2.088931871468374
0,1.0069930921904569
0,0.6851887098275317
0,-1.1102889792108188
0,-1.5333333333333334
0,1.6329931618554523
0,-1.9445272160783786
0,1.4002800840280096
0,-1.259881576697424
0,-1.0327955589886446
0,-2.32379000772445
0,-0.45291081365783825
0,0.19802950859533489
0,0.25677629550654774
0,-1.338877362790406
0,0.9382108083784176
0,-0.2931051908802746
0,1.543033499620919
0,-1.965799536090075
0,-0.5222329678670935
0,-0.3099764656432308
0,-2.066540160580993
0,-1.6642215921725698
0,-1.2865350418053536
0,-1.8439088914585775
0,-2.579551908823404
0,-2.591988701427746
0,-0.497437194810748
0,-1.543033499620919
0,-0.15161960871578067
0,-2.530394939673378
0,0.42107596053325946
0,-1.873171623163388
0,-1.0721125348377947
0,-0.8944271909999159
0,1.0932163332202425
0,-1.889822365046136
0,-2.7720618158361434
0,0.34528453656689306
0,0.10629880069054679
0,-0.9056241156018814
0,0.11009637651263607
0,-0.502518907629606
0,-2.7888667551135855
0,0.4610839676207039
0,-0.6255432421712243
0,-2.490078714603225
0,-0.19518001458970666
0,-0.464420364012824
0,-2.8481572990268638
0,-1.4433756729740645
0,-1.3828164386917547
0,-0.50709255283711
0,0.9738516810963534
0,-0.5773502691896258
0,-0.22473328748774737
0,-2.0530596102989462
0,-2.8505444856613447
0,-0.3768673314407159
0,-1.3100809351859102
0,0.45398994507478646
0,-1.3443321448446626
0,0.5216720300383333
0,0.2739983121755955
0,-2.8432081062295356
0,0.0
0,-1.618689296548195
0,1.044073795327749
0,0.30151134457776363
0,-1.3849778599871878
0,0.5607721540920443
0,1.4757295747452437
0,-0.9441175904999112
0,0.9179850920431569
0,0.11009637651263607
0,-0.641242710767087
0,-2.696007488090292
0,-0.2886751345948129
0,-0.6405126152203485
0,-1.3057621334923666
0,-0.3849001794597505
0,-0.4082482904638631
0,1.0878626706329249
0,-2.5415212262620726
0,-1.2838814775327387
0,1.5181442305531794
0,-0.2182178902359924
0,-0.9908673886137246
0,-0.6127633533453719
0,-0.7782896421160245
0,-1.0999438818457405
0,0.5184758473652127
0,-0.4561446487157522
0,1.0509877084907764
0,-0.6432675209026768
0,-0.9415130835240083
0,-0.47963209687927216
0,-0.19802950859533489
0,-1.6641005886756872
0,-1.0275642187001717
0,-1.1274690420042432
0,-0.39605901719066977
0,-0.848528137423857
0,1.2686700948330931
0,-1.963453167778477
0,0.03901371573204352
0,0.31362502409359
0,-0.9258200997725514
0,0.19738550848793068
0,-0.9607689228305227
0,0.7255423196197439
0,-2.8845718429224694
0,0.6537204504606134
0,-1.0309670614335873
0,-2.4461041299103847
0,-1.4832396974191326
0,-0.5940885257860046
0,-0.4444444444444444
0,-1.023532631438318
0,-0.4264014327112209
0,-0.5982300846395925
0,-0.4676097647914122
0,-0.3038218101251
0,-0.3185725945059148
0,-0.9313342646680637
0,-2.541155497872536
0,0.049690399499995326
0,0.06851887098275317
0,-1.0434983894999017
0,-1.721325931647741
0,-0.8977584024968696
0,0.10286889997472794
0,-2.0349066490683385
0,-1.3587324409735149
0,-0.8549819600709617
0,0.9393364366277243
0,-1.3034530674289346
0,-0.10629880069054679
0,-0.50709255283711
0,-0.9988130559615215
0,-1.0718844015157447
0,-1.0667929218208836
0,0.2407717061715384
0,0.9237604307034011
0,-0.8339503888294594
0,-0.6757373783994859
0,-1.1973321744793133
0,-0.15713484026367722
0,-0.7947194142390263
0,-0.450563556889583
0,0.4383570037596047
0,-1.5322617553657476
0,-0.5915204817512771
0,-0.2730960101243047
0,-1.0434983894999017
0,-1.0369516947304254
0,-0.12751534261266764
0,0.9488474727161109
0,-0.24618298195866545
0,0.34992710611188255
0,-1.5215349135496974
0,-1.1140133037920334
0,2.9432541681002027
0,-1.0411935862672628
0,1.3699915608779774
0,0.16293763397807054
0,-0.22645540682891913
0,1.3662601021279466
0,-0.06925433610644437
0,-1.091089451179962
0,1.281025230440697
0,-2.629030782139512
0,-0.4845015831115092
0,0.38710088452653174
0,-3.061502240693823
0,0.0
0,-0.24759378423606918
0,-0.6429990533013987
0,-0.19968076595771792
0,0.9258200997725514
0,-0.4508348173337161
0,-0.5238095238095238
0,1.280381278496209
0,-0.5619514869490164
0,-0.05083285677753489
0,-0.382028723980208
0,0.051231551957855996
0,-2.630933427433784
0,-0.9622504486493763
0,0.7867957924694432
0,0.4376881095324085
0,1.351690670668749
0,-0.2688664289689325
0,-0.4147806778921701
0,-2.116950987028628
0,-0.8268106308031118
0,-0.811502671200689
0,-0.0563436169819011
0,1.474331270308942
0,-2.266855541690058
0,-1.9298025627080306
0,0.8451542547285166
0,-1.5616717213937263
0,-0.4108025278352991
0,0.5551361100027009
0,-1.9261736493723072
0,1.0425720702853738
0,-2.309401076758503
0,-1.5376675246082578
0,0.36834547908152615
0,-2.169063070912869
0,0.6085806194501846
0,0.22557184744398817
0,0.06337242505244779
0,-0.7875615306482168
0,-0.4414147946478204
0,0.36514837167011077
0,0.3651483716701107
0,-1.4466352764910737
0,-0.9229582069908973
0,-1.2344267996967353
0,0.4264014327112209
0,-1.7566201313073597
0,1.1790126894931265
0,-1.2096294735180122
0,0.04467670516087703
0,-0.2222222222222222
0,1.033773122443638
0,-1.2708214194383722
0,0.38710088452653174
0,-3.2332040219297453
0,-2.013468165642073
0,0.07053456158585983
0,0.7167987336961821
0,2.5207046415703616
0,-1.223550580642996
0,-2.932852880091356
0,-0.3302891295379082
0,0.0
0,1.4535047493345277
0,0.050443327230531826
0,-0.06415002990995841
0,-1.3288211940534986
0,-0.8784585919193317
0,-0.3086066999241838
0,-1.2336987390024976
0,0.0
0,0.3333333333333333
0,-3.2381384057596123
0,0.35447004598341
0,0.3367175148507369
0,-1.2623374885344052
0,0.2886751345948129
0,0.23094010767585027
0,-0.21821789023599236
0,-0.0716114874039433
0,-2.2186324835554396
0,0.10629880069054679
0,-1.7594784092337856
0,-0.5424889808044899
0,0.10127393670836667
0,0.8783100656536799
0,-2.618614682831909
0,0.47205518296516197
0,0.0
0,-0.60279628678631
0,0.8382063038733161
0,-0.40622223185119377
0,0.3086066999241838
0,-1.9518001458970664
0,-0.29277002188455997
0,0.35582999744274424
0,-0.5940885257860046
0,-1.0277830647412975
0,-0.20927403192454674
0,-1.5637431441464866
0,-1.9242047974589667
0,-0.35218036253024954
0,0.0
0,-1.7923139737587759
0,-0.3849001794597505
0,-0.09072184232530289
0,-0.05862103817605492
0,-1.0700983179571106
0,0.533113989983183
0,-2.215646837627989
0,0.48141422564394637
0,0.0
0,-1.0565410875907486
0,-1.6397831834998458
0,-1.1447573166743346
0,-0.9258200997725514
0,-1.9758707044365038
0,-0.8512565307587486
0,-0.5360562674188973
0,1.259704116089924
0,0.0
0,-3.883652742031612
0,0.15018785229652767
0,-1.9694638556693236
0,-1.7284832429004495
0,0.3606678538669729
0,-1.6696650414027105
0,0.8283247669754628
0,0.050443327230531826
0,-2.629434922662959
0,-0.4845015831115092
0,-1.0844353369380768
0,0.8146881698903526
0,0.0
0,-0.2931051908802746
0,-0.5607721540920443
0,-1.622294916474776
0,-1.205198870638905
0,-1.7302512737764375
0,-1.1104504640461155
0,-1.0251566429815493
0,0.10127393670836667
0,-1.2909944487358056
0,-0.815087612525153
0,-1.0497813183356477
0,-0.6350528962771202
0,-1.126314845811101
0,-1.217395285867036
0,1.1547005383792515
0,-0.450563556889583
0,-1.539600717839002
0,-1.2443420336765103
0,0.0
0,-1.1547005383792517
0,0.7661539466182362
0,0.6221710168382552
0,0.7977240352174656
0,0.5986843400892496
0,-1.2060453783110545
0,-0.7223151185146152
0,-0.775880177444458
0,-0.4288450139351179
0,-1.7457431218879391
